Sentence	ID	label	score
"ぼけっとしてたらこんな時間｡チャリあるから食べにでたいのに…"	1	"NEGATIVE"	0.941
"今日の月も白くて明るい。昨日より雲が少なくてキレイな? と立ち止まる帰り道｡チャリなし生活も悪くない｡"	2	"POSITIVE"	0.948
"早寝するつもりが飲み物がなくなりコンビニへ｡ん､今日、風が涼しいな。"	3	"NEUTRAL"	0.774
"眠い、眠れない。"	4	"NEGATIVE"	0.971
"ただいま? って新体操してるやん!外食する気満々で家に何もないのに!テレビから離れられない…!"	5	"NEGATIVE"	0.624
"表情筋が衰えてきてる｡まずいな…"	6	"NEGATIVE"	0.995
"やばい｡おもろいな?思ってみてみた「シャレードがいっぱい」｡よすぎるやん。"	7	"POSITIVE"	0.965
"おなかすいた…夜ご飯仲間募集｡"	8	"NEUTRAL"	0.745
"よく寝た。暴走バスの夢見た。からだいたい。"	9	"NEUTRAL"	0.885
"最近アップにしていたので気づかなかったけど、ちゃんとブローしたらモテキ小宮山夏樹(後期)に似てきてる｡この感じ定着したらパーマしよ。"	10	"POSITIVE"	0.931
"月末ミーティング終了｡いつものことだが自分のミーティング力のなさに凹む。もう走り出すしかない。バッティングセンターいこうぜ!"	11	"POSITIVE"	0.828
"COWCOWヨシ君の顔色が最近ずっと悪い。病気ちゃうん?心配やわ。"	12	"NEGATIVE"	0.991
"シャンプーいきたい…"	13	"NEUTRAL"	0.623
"BIGBANGの人がえみちゃんねるにでてた。今、水泳の立石が…似すぎ｡どちらも、生半可に喋りが達者でちょっとウザイ。でも立石なんかすき。"	14	"POSITIVE"	0.554
"久々に自炊した。最近すごくやせたと評判なので、ごはんがすすむおかずをたんと。二膳半たべた。よしっ!"	15	"POSITIVE"	0.981
"雨…（笑）"	16	"NEUTRAL"	0.945
"外反母趾が悪化。なぜ?ヒール止めてるし幅広い靴しか履いてないのに｡本格的に治療すっかな｡"	17	"NEGATIVE"	0.979
"待ち人は来ないのではないかという疑念がふとよぎる｡涼しくなったなぁ｡"	18	"NEGATIVE"	0.871
"昔夢を語った仲間と数年ぶりの再会!相変わらず､だったけど少し大人になっていた僕ら､だった｡それぞれの道で頑張っててきっと色々あるけど、昔みたいに笑える時間が嬉しかった。昔見た未来まであと4年。がんばろ。"	19	"POSITIVE"	0.983
"みんな幸せになったらいいなって、なんか普通にそう思う。日曜と月曜と火曜会った人たちありがとう。また明日からがんばろう｡オヤスミナサイ"	20	"POSITIVE"	0.984
"回鍋肉を作るつもりで何か違うやつになった｡でもウマい!ウマすぎるぜ回鍋肉じゃないやつ!!"	21	"NEUTRAL"	0.483
"朝はパンケーキとサンドイッチ､昼はお弁当とサンドイッチ､夜は回鍋肉とごはんとパンケーキ｡昨日焼いたチョコｹｰｷがもう残り30度…好きなものを好きなときにたべるんだ!明日も焼こ。"	22	"POSITIVE"	0.983
"天地明察みたいな?おもろいんかな?"	23	"NEUTRAL"	0.919
"不確かな夜風が待ち人連れ去りぬ。???ふと､待ち人は来ないのではないかという疑念に駆られる。微かに絡みつく風に、煮え切らない自分の心を見たようで。…うーむ。いいねぇ｡"	24	"NEGATIVE"	0.830
"投げかけたものは返ってくるので､なるべく良いものを投げていたいと思う｡しかし時には叶わないことがある｡そういったとき、自分は試されていると感じる｡そしてたいていの場合､私はその試練に敗ける｡"	25	"NEGATIVE"	0.942
"肉まん、サーモンロール、茶碗蒸し、納豆、シナモンロール｡暇やからって食べ過ぎた…(●´з｀●)"	26	"NEGATIVE"	0.992
"次の月曜の19時から落語観たい人???"	27	"NEUTRAL"	0.589
"ヤバい!2700のBO0WY!!"	28	"POSITIVE"	0.678
"最強の二人、夢売る二人、愛と誠｡観たい映画、メモ…"	29	"POSITIVE"	0.862
"ごくありきたりで俗っぽくて申し訳ないのですが、ミランダ･カーめっちゃ可愛い!めっちゃ好き!いつまでも見てられる…お子様もまたデカくて可愛いんだ!"	30	"POSITIVE"	0.984
"腰をイワしています｡痛み止め飲んでるからか四六時中眠い。いける日は整骨院でほぐしてもらうけど、今日明日休みやん｡テーピングもかゆくなってはがしたし、明日は文字通り丸腰｡夜までもってくれ､腰!"	31	"NEGATIVE"	0.958
"落語…どしよかな…それか映画いこかな。"	32	"NEUTRAL"	0.662
"結局映画にも落語にも整体にも行けず、せめて夕飯はと思ったのに怠けグセがついて､出前とってしまった｡全力で安静中♪"	33	"NEGATIVE"	0.940
"眠いのに眠れない…"	34	"NEGATIVE"	0.996
"今日のアボカドはあじひとで食べるかな!誰か釣れるかな!"	35	"POSITIVE"	0.947
"自己否定感が強い人は他人も否定する｡批判の多いのは、自分に自信がないと宣伝しているようなものだ｡自己肯定の人は、周りがなにを言っても気にならない｡それはそれと受け止めるのだ｡"	36	"NEUTRAL"	0.791
"今日カラーをしてもらったら鬼太郎ぽくなった｡仕事帰りに会った数名の知人にはいいやん!と言ってもらえて少し安心した｡でもね､ほんまはちょっとちゃうかな?って思ってるねん｡ま、来週まで楽しむか｡"	37	"NEGATIVE"	0.793
"鬼太郎ぽい体型の女子って…"	38	"NEGATIVE"	0.742
"うどんとラーメンハシゴしておなかパンパン!初､丸亀製麺からの彦ェ門!あっさりとんこつで完食!その筋では有名店らしい"	39	"POSITIVE"	0.940
"なすの田楽食べたいな?"	40	"POSITIVE"	0.697
"ご飯食べにいきたい…でも、もう眠いよパトラッシュ…"	41	"NEGATIVE"	0.954
"腰が痛い日々を送っています。色んなことが段々面倒になってきた｡昨日の晩から数えて初めての食事｡エビマヨ!アボカド!サーモン!鶏トマト煮!ふじいちでカロリーを取り戻す!"	42	"NEGATIVE"	0.793
"天王寺ぶらり｡あわよくば映画みてやろ?!程よくおなかも空いてきたし、一人でもいけそーないい感じの店あったら教えて?!"	43	"POSITIVE"	0.984
"こんな時間に鴨つけうどん!ゆずピール入ってて結構おいしい!やるななか卯｡"	44	"POSITIVE"	0.986
"経済ジャーナリスト金子さん(ほんまでっか出演)の訃報にびっくり｡病気みたい｡ご冥福をお祈りいたします｡"	45	"NEGATIVE"	0.919
"何でもないようなことが幸せだったと思う?何でもない夜のこと、腰痛で寝れないよーる?"	46	"NEGATIVE"	0.668
"少し前から毎日のようにつきまとわれている｡姿が見えない日もあって油断してるときっちり現れて､最近では睡眠妨害までしてくる…もういい加減にしてほしい!!!"	47	"NEGATIVE"	0.982
"腰痛の話｡寝てもさめても腰痛い｡痛みよ､去れ!イたとん!!"	48	"NEGATIVE"	0.989
"メルヘンに憧れがち｡現実を生きなければな。てか早く寝たい(>_<)!"	49	"NEGATIVE"	0.874
"今週も終わった!そして今から休みだ!明日は祝日か?何しよどこいこ!"	50	"POSITIVE"	0.956
"寒いなぁ?鍋いこかな?"	51	"NEUTRAL"	0.903
"おなかすいた…orz"	52	"NEGATIVE"	0.988
"高校生みてると、笑顔可愛いな?とかなんかニヤけてしまう｡失われた青春を取り戻すようにかぶりつく私｡祝日の風景。"	53	"POSITIVE"	0.636
"ハンバーグ食べたい!同志求ム!"	54	"POSITIVE"	0.939
"本が好きだ｡いや､立ち読み､流し読み､本に囲まれているのが好きだ｡standardbookstoreが近所にあったら､住むかもしれない｡"	55	"POSITIVE"	0.978
"ノーベル賞山中さんに興味津々｡朝からいろんな番組を見ているけど、まず目につくのはユーモアたっぷりでにこやかに話す奥さん｡会見ではまじめな印象が強かったけど、きっとご本人もユーモア溢れる方なのだろう。二人がどんな風に愛を育んできたのかが気になる。"	56	"POSITIVE"	0.918
"恥ずかしくない仕事をしよう。心からそう思います。"	57	"POSITIVE"	0.906
"西田辺は雷雨!!"	58	"NEUTRAL"	0.738
"調子よくしゃべった翌日はたいてい凹む。そろそろキャラ統一すべきかなぁ。"	59	"NEGATIVE"	0.927
"この性格の悪さを何とかしたい…"	60	"NEGATIVE"	0.966
"ほぼ毎日、パックのジュースをコンビニで買います。今日、袋の中にはジュースと割り箸が入ってました。眠かったんかな。"	61	"NEUTRAL"	0.942
"お客さんが切れない。ありがたいけどお腹すいた…ラスト一人がんばる!!"	62	"POSITIVE"	0.960
"世の迷える女子に告ぐ。ニーハイの威力は、想像以上だ。"	63	"POSITIVE"	0.843
"結局、わがままなんだな。己の幼さが歯がゆい。"	64	"NEGATIVE"	0.992
"観たい映画。新しい靴を買わなくちゃ、終の信託。メモ…"	65	"NEUTRAL"	0.728
"食材はその日食べる分しか買わないので、休日は出かけるまでほとんど食べられないことになる。でもこの胃と腸がが空になってく感じが好きだったりする。体が少し浄化されたような？アブナイ人ではないですよ。多分"	66	"NEUTRAL"	0.630
"同年代の女子が何を考え、どのように暮らしているか気になる。同い年と聞けばなおさら。最近気になる人。峰なゆかという女（ひと）…"	67	"NEUTRAL"	0.866
"たまたまイラストを目にすることが何度かあり、面白いな～と思っていたら最近インタビュー記事を読み、別口で気になってた著作の作者でありイラストの主だと発覚しびっくり。同い年と知りまた興味津々。とそこへきて知人の、Rtで峰さんのアカウントを知る。これは運命なのだと勝手に思っています。"	68	"POSITIVE"	0.763
"田中里奈、たなかりな、ティーナカリーナ…"	69	"NEUTRAL"	0.918
"キョンキョンのアレ見逃すとこだった！あっぶね！ワンセグよありがとう！"	70	"POSITIVE"	0.972
"さ、さむい…"	71	"NEGATIVE"	0.992
"今日は頑張った…ただいま我が家。散らかってるのももはや愛おしい。…でも片づけよ。"	72	"POSITIVE"	0.977
"何気なく入ったDVDコーナーで流れていたONE PIECEに目を奪われる。これちょうどあかんとこやん！医者を！医者を教えでぐたざいﾞ!!"	73	"NEUTRAL"	0.389
"何だかサイコパスって言葉を最近よく目にする。流行ってるのかね？｢悪の教典 ｣面白そう。"	74	"POSITIVE"	0.588
"やな季節が来たなぁ…"	75	"NEGATIVE"	0.779
"雨ニモ負ケズ みたいな人になりたいなぁ。"	76	"POSITIVE"	0.865
"憤る。憤る28さい。出家でもしなければこんな感情からは解放されないと思う。"	77	"NEGATIVE"	0.978
"旅に出たい…"	78	"NEUTRAL"	0.559
"今朝起きていきなり柿をガブリとやって、切れた口の端が痛い。ついでに唇全体的に腫れてる。カブレたか…柿が好きすぎる。"	79	"POSITIVE"	0.512
"職場でお寿司連れてってもらってお腹パンパン！デザートまで出してもらって大満足。苦しくなるほど食べられるなんて幸せじゃないか。"	80	"POSITIVE"	0.987
"住む家がある、職がある、ちゃんと靴を履いて、毎日食べられる。離れていても家族や友達がいる。なんだ、必要なものは十分にあるじゃないか。"	81	"POSITIVE"	0.958
"世の迷える男子に告ぐ。寝不足かつ空腹の女子に近づくとロクなことがないぞ！てことでたらふく食べたしふやけたし寝ます。おやすみなさい。"	82	"NEUTRAL"	0.596
"ホームパーティー楽しすぎてお泊まりした帰り道。祭りのあとはいつも寂しい"	83	"NEGATIVE"	0.982
"天気いいなーって歩いてたらスニーカーやさんからバービーボーイズ。シュール。"	84	"NEUTRAL"	0.741
"噂の壇蜜さんのブログが何となく面白い。"	85	"POSITIVE"	0.990
"めっちゃ丁度いい光が部屋の窓から差し込む。こうして絵でも描いて暮らしたい。"	86	"POSITIVE"	0.983
"今最も胸をはだけさせられベッドやソファに寝転がらされる男、生田斗真。すごいよ生田斗真。てれび戦士だったのに…"	87	"NEUTRAL"	0.500
"精神年齢が日に日に下がる気がする28さい。体年齢は日に日に上がる28さい。寝よ…"	88	"NEGATIVE"	0.867
"2012年下半期は様々なお一人様に挑戦しています。串カツは楽勝!!おやすみなさい"	89	"POSITIVE"	0.987
"悲しくても辛くても、日々を生きなきゃいけなくて、そうしてうやむやにしながら生きていくんだなぁ。"	90	"NEGATIVE"	0.631
"休み前の晩にパジャマにメガネでてんこ盛りのご飯やいろんなおやつを食べながらテレビ見たりネットしたり、そうして時間に関わらず眠くなったらそのまま寝るのが最高に幸せ"	91	"POSITIVE"	0.991
"こうやってデブになっていくのかなぁ。"	92	"NEGATIVE"	0.908
"普段から地味なのだが、休日の私はほんとに地味である。更に今日は輪をかけて、もう誰かを不快にしてしまうんじゃないかって程の地味さ。知り合いに会ったら怪しまれはしても気付かれないだろうな。"	93	"NEGATIVE"	0.934
"友達がハワイで挙式して、森で撮った写真がすごく素敵で羨ましかった。長い髪はゆる巻きダウンにして、お花の冠とベールをつけてるかんじ。木漏れ日を見上げる姿が可愛かったなぁ。"	94	"POSITIVE"	0.992
"今日また、ふらりと入れる店が増えた。お酒もご飯も美味しかったし、何より、何となく温かい店だった。"	95	"POSITIVE"	0.972
"昨日は誰にも会うまいと思ってたのに、帰り道にうっかり馴染みの店に行ってしまった。顔見知りがそばで飲んでいたが、案の定私には気づいていなかった。気配を消すのが得意になったもんだ"	96	"POSITIVE"	0.818
"ハモネプ好き。"	97	"POSITIVE"	0.949
"To be continuedの人、最近キモい人の役多いな…"	98	"NEGATIVE"	0.899
"アットホームダッドやってる！めっちゃ見たいけど寝る。連休なんて…"	99	"NEUTRAL"	0.823
"寒いってことに支配されて建設的な思考が奪われるから、冬は嫌い。"	100	"NEGATIVE"	0.978
"100をゼロにするのは無理ですが、 20くらいにはできます。50くらいのものなら、もうそれはゼロと同じです。"	101	"NEUTRAL"	0.843
"なにいってんだか…"	102	"NEGATIVE"	0.940
"まさかのアッコとコラボ!でもカッコいいぜアッコ!!"	103	"POSITIVE"	0.991
"ドラムのひとちゃんと正装してる！と思ったらやっぱり短パン!!笑"	104	"POSITIVE"	0.558
"水樹奈々っていくつなんやろ？AKBに混ざってもわからなそうな衣装にヘアメイク。"	105	"NEUTRAL"	0.880
"似すぎ…笑"	106	"NEUTRAL"	0.502
"はたと気づけば、生まれてこのかた新幹線に乗ったのは多分一度だけ。新幹線の駅めずらしー！新大阪駅探検、なう。"	107	"POSITIVE"	0.888
"｢悪の教典｣観てきた。体温と心拍の異常いまだやまず…握りしめすぎて手がしびれてる。"	108	"NEGATIVE"	0.944
"好きな少年漫画をきかれて、「定番ですけどONE PIECEですかねぇ」と無難に答えてしまう私は臆病者です。趣味が片寄りすぎて公言できないんだ！"	109	"NEGATIVE"	0.805
"とにかく暖まらないと話にならないので、ご飯作ります！久しぶり！"	110	"POSITIVE"	0.985
"の、前に、柿をガブガブ食べてやった！"	111	"POSITIVE"	0.956
"久しぶり酔っておっきい声出したので喉いたい!!のど飴を下さい！水割りをください！もう寝ます…オヤスミナサイ…"	112	"NEGATIVE"	0.988
"あぁあ～小朝師匠！自慢の金髪が！金髪がぁ…！"	113	"POSITIVE"	0.880
"ホットカーペットに寝っ転がってうとうとするのサイコー。"	114	"NEUTRAL"	0.890
"ん？ONE PIECEの歌がなんかヘン。"	115	"NEUTRAL"	0.587
"久しぶりにヤツが来た。ちきしょう、油断してた…コルセット生活、再開!!(T_T)"	116	"POSITIVE"	0.471
"ぼくらの思春期を支えたHEY!HEY!HEY!が最終回だよ！懐かしいな～"	117	"POSITIVE"	0.530
"あと30秒で、HEY!HEY!HEY!が、終わる！"	118	"NEUTRAL"	0.425
"終わった…音楽は終わらない、その通りだ！君がッ！泣くまで！音楽を愛すのを、辞めない…！"	119	"POSITIVE"	0.885
"はんばーぐたべたい。"	120	"POSITIVE"	0.581
"今日初めてアスリートみたいに腰に注射したんだけど、なかなか痛くて打つまえより痛くなったんだけど大丈夫なんだろーか"	121	"NEGATIVE"	0.909
"28歳にして初めて、ガードルなるものを穿きました。すごいなこれ！なんで今まで穿かなかったんだろ。もう、毎日穿きたい。"	122	"POSITIVE"	0.958
"すき焼き食べたい。祝日やし、どこも混んでるんだろうか…"	123	"NEGATIVE"	0.538
"焼き肉いきたい。"	124	"POSITIVE"	0.819
"オムライスでもいいなぁ～♪"	125	"POSITIVE"	0.973
"美容室でも行くかな。"	126	"POSITIVE"	0.811
"後藤の泳げたい焼きくん…ジャズってかブルースぽいような…"	127	"NEUTRAL"	0.679
"忙しくて体痛いし眠いしゲームする余裕がない"	128	"NEGATIVE"	0.995
"カレーパン食べてりんごガブガブかじる午前二時。あと二日頑張る。オヤスミナサイ…"	129	"NEUTRAL"	0.564
"仕事納め!がんばろ！"	130	"POSITIVE"	0.988
"よっしゃ～終わった！お腹すいた～！"	131	"POSITIVE"	0.699
"帰省の車内で可愛コちゃんに声をかけられた。｢お隣いいですかぁ(^▽^)？｣かっ可愛い！是非座ってほしかったけれど、先客がいたので断念。うぅ、無念…。 あ、明けましておめでとうございます☆こんな感じで本年もぬるっと行きますのでよろしくお願い致します。"	132	"POSITIVE"	0.598
"りあるキッズのメガネ久々に見た！前々からきづいてはいたけど、ますますあかん感じに…"	133	"NEGATIVE"	0.925
"実家の母は、普段話し相手がいないのか、たまに帰るとむちゃくちゃ喋ってくる。今回、風邪気味で無口だったので、静かな正月となった。二泊三日の最終日、私を送り出す駅のホームで急に喋りだした。え、今？ どうやら風邪は治ったようです。"	134	"POSITIVE"	0.923
"凧上げのたこが電線に巻き付いて電車とまる。正月っぽいね～"	135	"NEUTRAL"	0.690
"何かもうキャラが迷走しすぎてきたので、まずはめちゃくちゃ普通の人、やります。頑張って美容師ぶるの、休憩。まぁ元々ぽくないけど…"	136	"NEUTRAL"	0.873
"ぐさりと刺さっても、笑ってスルーするー。でもやっぱり気にして髪形変えたりする。"	137	"NEUTRAL"	0.780
"休み明けに「雰囲気変わったな!」てなるの好き。明日からまた頑張ります!!オヤスミナサイ"	138	"POSITIVE"	0.992
"知り合い見つけて道の反対側から 叫んだら思いの外響いた。私もこんなデカイ声が出るのか… てか、は、はずい。"	139	"NEGATIVE"	0.936
"今年初稽古。一時間前からいく気満々だったのに、五分前からめっちゃめんどくなってきた。"	140	"NEGATIVE"	0.992
"動物も子供も普通に好きですが、わぁー！って寄っていくのには抵抗があるのです。外から見ててうらやましくて一人でドッグカフェ入ったことあるけど、まっったく盛り上がらんかった。当たり前か…"	141	"NEGATIVE"	0.976
"20代まで平均睡眠時間が四時間以下で過ごすと早死にするらしいので、もう寝ます。オヤスミナサイ"	142	"NEUTRAL"	0.498
"今日か明日、えべっさん行きたいな～"	143	"POSITIVE"	0.920
"無印の焦がしキャラメルってお菓子がおいしすぎる。"	144	"POSITIVE"	0.972
"えべっさん行きたい行きたい！いやほんまはそうでもないんやけど、せっかくやし…"	145	"POSITIVE"	0.931
"コクリコ坂みて、失ったものが多いことに気づくわんわんの日。てか、金田一始まるんや！つよし君ver.見返したくなってきた！"	146	"POSITIVE"	0.891
"うまいやん！spa王のフェットチーネうまいやん！泣けるやん！"	147	"POSITIVE"	0.984
"いやはや恥かいた～。桃鉄も、スパ王も、なんにも知らんな私は。今日わかったことは、腰がいたくないと楽しいってことかな！オヤスミナサイ…"	148	"POSITIVE"	0.646
"へー中山功太改名したんやぁ～ ってうわ！うわうわ！人相変わりすぎやろ！髪形…と、顔…"	149	"NEGATIVE"	0.801
"すんごい雨…新成人の皆さんおめでとうございます。そして御苦労様…てか福くん可愛いな～@いいとも"	150	"POSITIVE"	0.988
"掃除してやるぜ！"	151	"POSITIVE"	0.874
"うし！でかける！その勢いでご飯食べる！夜ごはん仲間募集～！"	152	"POSITIVE"	0.981
"ミナミで焼き肉か…帰ってから考えるか…"	153	"NEUTRAL"	0.881
"ひょう！激しいひょう！"	154	"NEGATIVE"	0.605
"不本意なことってほんまにあるなぁ。原因は自分にあるんだから日々まっとうに生きるしかないね。頑張ります。"	155	"NEGATIVE"	0.821
"誰かからの言葉をまっすぐ聞ける素直さと謙虚さ。あとは、それでも自分はこうなんだと言える強さが必要。"	156	"POSITIVE"	0.780
"マッサージいけばよかった…orz"	157	"NEGATIVE"	0.832
"眠くて死にそう。でも今日は長居にいくんだ！牡蠣をたべるんだ！そして歌うんだ！皆様のご参加を、一時間後、お待ちしております。"	158	"POSITIVE"	0.974
"んっ！？何かおもろそうなテレビ始まった！ドラマ？"	159	"NEUTRAL"	0.872
" はっ！こんな時間。でも慌てて眠らなくていいんだ！コロッケ食べてやる！"	160	"POSITIVE"	0.962
"友達がいないと思われたくないからトイレでご飯を食べ、人を雇ってクラブに行く。そうやって一般的な人を装うことで、誰かに声をかけてもらえるチャンスを潰さないようにしてるのかな…と、思い直した。"	161	"NEGATIVE"	0.688
"やばい、また自堕落な休みを満喫してしまいそうだ。今日は役所にいくんだ！がんばれ！大人への新しい一歩だ！"	162	"POSITIVE"	0.932
"結構ギリギリで役所につき、急いでね～、とフロアを右往左往させられ、5分前に終業のチャイムが鳴った。物凄い勢いで人の波が通りすぎていく。すげぇ"	163	"NEGATIVE"	0.810
"西島秀俊、未婚やった。どうしよう、一刻も早くエステにいかねば！！"	164	"POSITIVE"	0.966
"【お詫び】お聞き苦しい発言があったことを、お詫びいたします。"	165	"NEGATIVE"	0.963
"今週から観たい映画がめじろ押し。ted、ライフオブパイ、つやのよる、ストロベリーナイト… 話題のレ・ミゼラブルも観たいし、２月公開のもいくつか気になるし…休みが足りないな。"	166	"NEUTRAL"	0.591
"西島秀俊、でググったら出てくるタレント名鑑の写真が素敵すぎて、Majiで奇行に走る5秒前。"	167	"POSITIVE"	0.972
"みんな！最高の離婚が始まったぞ！"	168	"POSITIVE"	0.988
"久々に自炊した。以前はワンプレートで済ませていたけど、品数を多く食べたいので明日も3食賄えるくらい色々作った。が、ほとんど平らげてしまった… あったらあるだけ食べちゃうんだよね…"	169	"NEUTRAL"	0.541
"ほんとにお腹パンパン…"	170	"NEGATIVE"	0.936
"でもおしるこ食べる…"	171	"NEUTRAL"	0.917
"毎日毎日飽きもせず、己の未熟さにへこむ。でも当たり前じゃないか！人生まだ半分も来てないんだから！ そう思ってがんばります。100まで生きてやる!!"	172	"POSITIVE"	0.972
"みんな！目覚ましテレビを見るんだ！朝からいいものみた?"	173	"POSITIVE"	0.919
"朝からかっこいー！いや、可愛いぜ菊田～！"	174	"POSITIVE"	0.994
"胃腸かぜって、辛いですよ。ぜひともお気をつけください。"	175	"NEGATIVE"	0.992
"薬のんで暫くしてから戻した場合、もう一度飲んだ方がいいのかなぁ…"	176	"NEGATIVE"	0.560
"お薬の情報をくださった皆さん ありがとうございました。モーローとしていたので、結局飲んだのか飲んでないのか分かりませんが…"	177	"NEUTRAL"	0.692
"お腹いたい…"	178	"NEGATIVE"	0.993
"寝込むたび、死について考える私は大袈裟でしょうか"	179	"NEGATIVE"	0.946
"【速報】飲むものがなくなったので、りんご酢を飲んでいます。健康的だね！"	180	"POSITIVE"	0.972
"速報】飲み物が5.5L届きました。明後日くらいまで飲むものには困らなそうです笑 ありがとう。"	181	"POSITIVE"	0.944
"ネットとられたら多分発狂する。そうでなくなりたいものです。"	182	"NEGATIVE"	0.860
"仕事をあまり休んだことがないので、すんなり休めるともう明日も明後日もいかなくて大丈夫なんじゃないかと思えてくる。まぁ実際、そーなんだろうけど。"	183	"NEGATIVE"	0.593
"ここ数日、精進料理みたいなものしか食べてないので、串カツとか、ラザニアとか、ハンバーグとか食べたい。でも多分、カフェラテを飲んだだけでごろごろしてしまう今の私のおなかさんは彼らを拒否するだろう…"	184	"NEGATIVE"	0.954
"あ、お寿司もいいなぁ。(生ものか…)"	185	"POSITIVE"	0.770
"部屋の暖房が全然効かなくて寒い。28℃に設定してるのに…省エネの夏か。"	186	"NEGATIVE"	0.941
"OGG,KBB おなかゴロゴロ、顔ぶっつぶつ。"	187	"NEGATIVE"	0.960
"「ツレがうつになりまして」終わった。目がいたい。"	188	"NEGATIVE"	0.864
"誰か、明日の夜、焼き肉いこう。おなか治ってたら…"	189	"NEUTRAL"	0.722
"人にご馳走するのが苦手です。コーヒーもスマートにおごれない29歳…"	190	"NEGATIVE"	0.995
"友達とランチもいいけど、近かったらモーニングもいいなぁ。まったり過ごしてもまだ日が高いし色々できる。"	191	"POSITIVE"	0.966
"決めました。今年は、車の免許とります。あと、台湾行きます。"	192	"POSITIVE"	0.876
"そういや昨日の夢にマキダイ出てきた。途中で起きたから続き見たかったけど見れんかった…でも練習したらいけそうな気がする。"	193	"POSITIVE"	0.859
"がんばれ！"	194	"POSITIVE"	0.972
"もう二度と戻れはしないとわかってても、昔叶わなかった恋の面影はいつまでも追ってしまう。そんな自分にとても人間味を感じる。寝よ。"	195	"POSITIVE"	0.533
"おなかぱんぱん病"	196	"NEGATIVE"	0.963
"久しぶりに笑いながら帰ってきた。大好きな友達とご飯を食べるって、この上ない幸せ。"	197	"POSITIVE"	0.989
"誰か鍋食べにいこお～または鍋に呼んでください！味噌鍋とかチゲとか濃い～のん食べたい！あ、カレー鍋でも可… 笑"	198	"POSITIVE"	0.945
"今週の、土、日、月、火のどれかで、19時くらいから暇なひといないかなぁ～…車でニトリ行って送ってくれるひと…"	199	"NEUTRAL"	0.742
"月曜か火曜の昼間、IKEAにもいきたい…"	200	"POSITIVE"	0.899
"最近、バターの代わりにパンにクリームチーズを塗って食べるのにはまっています。先程、今日頂いた「チョコ食パン」を美味しくいただいていたのところ、途中でつい魔がさしてクリームチーズを…。が！う、うまい！甘さと酸っぱさの攻防戦！ヤバイ、また一つ、あほ食いおやつが増えてしまった…"	201	"NEGATIVE"	0.544
"明日も明後日も、いい日でありますよーに。"	202	"POSITIVE"	0.984
"最近、携帯でドラマをみるのにはまりすぎて寝不足です。某レンタル屋で多額の延滞金払ったあれも、これも、全部あるじゃないか!スマホとテレビをつなぐケーブル欲しい。てか、その前にテレビ買わなな…"	203	"NEGATIVE"	0.775
"苦労して育ててくれた親はもちろんのこと、親しくしていた周りの人間も、無力感や罪悪感にさいなまれることになる。"	204	"NEGATIVE"	0.993
"映画「ストロベリーナイト」観た。あかーん！あれはあかーん！大沢たかお渋すぎる。彼は私が最近提唱している「男は経年変化」を、今最も体現している人だと思う。"	205	"POSITIVE"	0.948
"【失われた青春川柳】ラブレター 顔も見ないで押し付けて スカートひらり、バタバタバタ"	206	"NEUTRAL"	0.730
"アラーム、サイレントモードでも鳴ってよ…歯医者寝過ごしたorz"	207	"NEGATIVE"	0.890
"朝からの出来事と雨で全く行く気がしないのでお稽古は休んだ。先生にしたらなんとふざけた生徒だろう。せめてもの償いに、普段しないことをしてやろうと思います。"	208	"NEGATIVE"	0.903
"結局昨日はジムで汗を流し、そのまま飲みに行き、カラオケで暴れ、精も根も尽き果てて眠りに落ちた。喉がいたい…"	209	"NEGATIVE"	0.994
"しかし昨日のカラオケは気持ちよく歌えた。ちょっと練習しよ。オヤスミナサイ…"	210	"POSITIVE"	0.964
"今日、とある会合に参加した。ら、緊張と楽しさで飲みすぎた。なんの役割も果たせなかったことを悔いながら、寝ます…オヤスミナサイ"	211	"NEGATIVE"	0.944
"念願の「アラサーちゃん」読了。三角座りで一人、「あははっ」と声を出して笑ったりしながら一気読み。なんしか切り口が面白い。あるある～とか思いつつ、なるほどそんな見方が！と開眼させられたり。もしかしたら嫌悪を示す男子もいるかもとか思ったりしたけど、さら～っと皆読んでほしいなぁ。"	212	"POSITIVE"	0.948
"夜中から出掛けようと思って、一から化粧したのに結局出掛けずにそのまま寝てしまった。起きたら顔ぱんっぱんですごい寝癖やのに、眉とチークだけバッチリ決まってるから凄く滑稽。"	213	"NEGATIVE"	0.972
"久々真面目にお稽古に行こうと思ったら、道具が根こそぎない。久々でそれはダメだろ～っと躍起になってさがしてみたが、ない。気づけばもう30分遅刻している。ほんっと、どーしょーもねーなぁ。"	214	"NEGATIVE"	0.990
"あれ？これ前にも言ったかな？"	215	"NEUTRAL"	0.933
"ハイ、反省ターイム。日々、反省材料が多くてへこむ。でも80まで生きるとして、まだ半分も来てないんだから当たり前じゃないか！と、思い直して明日も強く生きます。"	216	"NEUTRAL"	0.594
"お店やっても、家族は養えない。今ここにある現実。"	217	"NEGATIVE"	0.987
"最高の離婚、ついに桑田さん登場！笑 毎回エンディングが見逃せないぜ"	218	"POSITIVE"	0.982
"寝ても寝ても眠いぜちきしょう！"	219	"NEGATIVE"	0.988
"眠くなった時に寝かせてくれよ!!やる気なんて出ねぇよ!!"	220	"NEGATIVE"	0.969
"どこもかしこも明るいなぁ。この街は俺には眩しすぎるんだ…"	221	"NEGATIVE"	0.726
"眠すぎて傘持つのもダルくて上着のポケットに引っ掛けてズルズル～って目ぇつむって歩いたけど、みっともないからやめなさいなんて言わないでほしい。寝ます。オヤスミナサイ…"	222	"NEGATIVE"	0.993
"お腹いたくて起きた午前３時、の雰囲気の午前０時半。そしてまた寝る"	223	"NEUTRAL"	0.700
"30分うたた寝したつもりの午前３時半。まさかここで帳尻が合うとは。寝よ。"	224	"NEUTRAL"	0.789
"今日もアジアの屋台のような個性的な夕飯を食べた。食べ過ぎた。明日も頑張るぜ。オヤスミナサイ"	225	"POSITIVE"	0.882
"小栗旬に手をつながれたところで目覚まし。くぅ～"	226	"NEUTRAL"	0.467
"好きな曲をカラオケで歌うときは、歌詞にないところほどしっかり歌いたい。でもハズイから歌わない。でも二人とかだったら歌う。"	227	"POSITIVE"	0.818
"｢ハァ…｣♪白いため息で～曇ったまぁどににーじむ、イールーミーネイションっ♪"	228	"POSITIVE"	0.589
"人生を楽しむ練習をしています。"	229	"POSITIVE"	0.893
"こないだカラオケでGLAYのWinter,againを熱唱したら、最後の方の｢鐘の音↑がぁ↑聞こえるぅ～｣のあとのコーラス？をすかさず入れてきたので驚いた。その瞬間、その人は私の中でカラオケ友達にカテゴライズされた。"	230	"POSITIVE"	0.902
"絶妙なハモりをのせてきたり、本人の歌がうまいだけでなく、気持ちよく歌わせてくれる、聴かせてくれる、そんな人は迷わずカラオケ友達に任命です。"	231	"POSITIVE"	0.987
"二日酔いです。すごく具合が悪いし、喉が痛い。声がでない。今日は五時からカラオケバトルなのに…"	232	"NEGATIVE"	0.989
"花粉症デビューしました。アルコールで顔が赤いのかと思ったら、目をこすりすぎて腫れ上がっている模様"	233	"NEGATIVE"	0.930
"昨日遊びすぎたので雑用をこなしまくっています。暖かいので徒歩移動。夕陽が目に染みるぜ。センチメンタルジャーニー♪"	234	"POSITIVE"	0.958
"寝る頃になると、目と鼻がムズムズ…目を閉じてもゴロゴロ… ちきしょう、また、私の睡眠を邪魔する輩が増えたと見える…"	235	"NEGATIVE"	0.993
"いつもの店ではよくやることだけど、のっぴきならない状況により、よその店で初めて、小銭だけのお会計で帰った。は、ハズイ！この感覚を忘れないようにしよう。"	236	"NEGATIVE"	0.888
"何の気なしにみた、映画「監獄めし」。泣かすやん。でもこの時間に濃い～ご飯食べたくなる。"	237	"NEUTRAL"	0.529
"横殴りの雨が微妙にかかるのにも耐えて浸っていたら、小鳥が集まってきた。私は神の子なのかもしれない"	238	"POSITIVE"	0.935
"今からカラオケいけるひと、21時に天王寺ジャンカラ集合！"	239	"POSITIVE"	0.979
"二宮君の真似して「プラチナデータ。」って言うのにはまっています。映画はまだ観てないけど。キコちゃん出てるし観たいな～"	240	"POSITIVE"	0.984
"こないだのツィート、監獄ではなく極道でした。訂正してお詫びいたします。"	241	"NEGATIVE"	0.883
"ゆうべは遅くまで飲んで知らぬ間に寝てしまい、起きたら鼻がずるずる。歯医者に行ったら思いの外悪かったらしく麻酔されて半顔麻痺。さっきからくしゃみも止まらない。今日は初のインデアンカレーの予定だったけど、全くやる気がなくなった。"	242	"NEGATIVE"	0.982
"ご飯は、ガッツリおかずを作ってくれればうまいうまいと食べますし、アイドルに熱を上げてもへぇ～(^^)と笑ってられますし、もう少し稼げるようになったら、誰か嫁に来てくれるかなぁ？"	243	"POSITIVE"	0.954
"就活用に撮ったぶりに証明写真を撮ったら、自分の顔の歪みっぷりに愕然としたので、左側で噛むことにします。"	244	"NEGATIVE"	0.835
"お洒落人達はこれをこんふぃちゅーると云うのですね。good night～♪"	245	"POSITIVE"	0.669
"何年ぶり、いやもしかして初めて？ほっぺに吹き出が。噂のニベア美容、やってみようかな…"	246	"POSITIVE"	0.536
"毎度おなじみ後輩指導。またもきつい言い方をしてしまい、へこむなう。ご飯食べよ。"	247	"NEGATIVE"	0.931
"夜中の公園でサッカーして、小腹が減ったのでロールキャベツ食べて寝ます。オヤスミナサイzzz"	248	"POSITIVE"	0.548
"ゆずぽんかけてみた。…ハマる。"	249	"POSITIVE"	0.985
"好きだな、素敵だな、って、思う人はたくさんいるのに、付き合うとか付き合わないとか言い出した途端にややこしくなる。ただ好きだとかただそばにいたいとか、それではダメなのかなぁ。自分自身がまず、ややこしいのだけれど。"	250	"NEGATIVE"	0.985
"女子は欲望と恋を混同しがちだと言われるけど、そういうことなのかなぁ。歳を重ねるほど、いろいろ難しいねぇ…"	251	"NEGATIVE"	0.901
"男女問わず、気を許してる好きな人には、抱きついたり腕を組んだり、そーゆうところでしか愛情表現できないので、それを奪われるとなかなか困る。"	252	"NEGATIVE"	0.961
"明日映画いこかな。｢舟を編む｣めっちゃ観たい。｢世界でひとつのプレイブック｣今週終わるからいこかな～♪"	253	"POSITIVE"	0.978
"誰か夜映画いきませんかー？18時過ぎに難波マルイにこれる人！「世界でひとつのプレイブック」観よう～♪"	254	"POSITIVE"	0.962
"その前にカット行こかな～♪"	255	"POSITIVE"	0.937
"あー高飛びしたい。"	256	"NEGATIVE"	0.946
"今日はクリームバスに全身マッサージに、プチ贅沢した。土日を乗りきるぞ！っしゃーこいコノヤローッ！"	257	"POSITIVE"	0.992
"昨日はよく遊んだ。千本鳥居に挑むため、まずはアイスとコロッケ。そして名物いなり寿司♪お花見屋台でサイコロステーキ、そして湯豆腐に日本酒！いい気分でそぞろ歩き、うどん食べ比べで満腹かと思いきやパンケーキ求めて徘徊、最後はありえない暗さのbarでフィニッシュ。体が重い…笑"	258	"POSITIVE"	0.847
"私も人を批判しがちやわぁ。気を付けよ。"	259	"NEGATIVE"	0.975
"どーあがいたって自分からは逃げられないんだよね。ちっ！"	260	"NEGATIVE"	0.923
"昼間はほとほと自分が嫌になったのでネガツィートしてしまったけど、多分もっと体を鍛えればどーでもよくなるんだろうな。"	261	"POSITIVE"	0.472
"もうだめだ…私もアラサーちゃん買おう…"	262	"NEGATIVE"	0.914
"梅田彩佳可愛いなぁ…！"	263	"POSITIVE"	0.992
"絵、うまいなぁ。"	264	"POSITIVE"	0.972
"今宮高校のダンス部が世界大会で大阪を前面に押し出したパフォーマンスで入賞。の番組見てる。若い純粋な魂が、仲間たちと共通の目標に向かってその命を燃やしてる。そんな姿にほんまに感動する。gleeにはまったんもそうなんやろな…そんな自分に老いを感じずにはいられない。"	265	"NEUTRAL"	0.586
"ただいまより、初めての「布団圧縮」に挑戦したいと思います。"	266	"POSITIVE"	0.900
"ふとんをきっちり袋に詰め込み、スイッチON！「うわぁぁーーーー！」「エグい！エグすぎる！」あまりの衝撃に、ボーゼンとしております。"	267	"POSITIVE"	0.901
"あわわ！今最も脂の乗ってる40代、福山と大沢がガリレオで共演している！"	268	"POSITIVE"	0.937
"ふぅ～とりあえず一段落。今日は朝から久々のお稽古。調子こいて4時間とったらすんごい疲れた…早く寝るつもりが圧縮にハマりこんな時間。死んだように寝ます！オヤスミナサイ"	269	"POSITIVE"	0.584
"ボーッとしてたらコンタクトがもうなかった。前にもらったカラコンがあるので、明後日からは毎日趣の違ったギャルになります。"	270	"NEUTRAL"	0.841
"人間、危機的状況に陥った時、一回すごい慌てるけど、慌ててもしょーがないな、って、急にスッ。とするよね。今の私がまさにそう。さて、どうしたもんか…"	271	"NEGATIVE"	0.825
"こないだからディファインで瞳が大きくなっているのに加えて、暗めに染めたてでツヤツヤの髪と眉ブリーチが相まって、すっぴんの自分が8才児みたいで可愛い。そうか、可愛いって、こういうことか。"	272	"POSITIVE"	0.953
"TSUTAYAの延滞料2400円。何やってんだろ…"	273	"NEGATIVE"	0.969
"きっと、私みたいなだらしないヤツのおかげで儲かってるんだろうな。てか、このままだと私は一生儲かんないんだろうな。"	274	"NEGATIVE"	0.942
"ヤバイ。宮沢りえヤバイ。あのCMは、メガネ買お！ってなる！んで赤リップしよ！って、なるやろぉ！"	275	"POSITIVE"	0.854
"う！胸が！胸がいたい…！"	276	"NEGATIVE"	0.717
"携帯が壊れて代機生活。いち早くFacebook入れたものの、バタバタでわすれてました。ただいま、Twitter！"	277	"NEGATIVE"	0.801
"先日思い知りました。私は少女漫画に毒されているなぁ…と。｢ちょ！ばっ！ヤメロヨォ！｣とか…リアクションがくどい。笑"	278	"NEGATIVE"	0.714
"喉痛い。耳聞こえない。節々いたい…"	279	"NEGATIVE"	0.996
"熱い風呂に入り、スウェットを着込み、ヴィックスヴェポラップを鼻と喉にベタベタに塗り込み、タオルとマスクで保湿！枕元には濡れタオルとポカリ2Lで完全武装。なかなか男前な感じで、寝るっ！"	280	"POSITIVE"	0.975
"さ、さ、さむい…！"	281	"NEGATIVE"	0.974
"うわさのテラフォーマー、めっちゃ面白そうなんだが絶対見たくない。でも読みたい"	282	"NEUTRAL"	0.663
"痛みよ、去れ！いたとん！"	283	"POSITIVE"	0.574
"暑い…寒い…暑い…"	284	"NEGATIVE"	0.986
"この歳の風邪は辛い。昔は少々なら気合いでいけたし、仕事してたら紛れた。最近はほんまになんもできんし、長引く。えづきそうやけど、すき焼きとか食べよかな。"	285	"NEGATIVE"	0.895
"医者よ！それはやり過ぎやろ！15センチはくだらない綿棒を鼻に突っ込むなんて！涙が止まらない！"	286	"NEGATIVE"	0.957
"思い出し笑いならぬ思い出しくしゃみ！家にいたときより悪くなってるじゃないか！"	287	"NEGATIVE"	0.982
"例えば刃渡り15センチのナイフを持ち出したとしたら、銃刀法違反やで！むちゃくちゃすんなぁ！"	288	"NEGATIVE"	0.976
"調子が悪いので病院行ってから行きます。って連絡いれて、そのまま夕方まで気絶して、結局休むってゆう、常套化してきているパターン。"	289	"NEGATIVE"	0.747
"明日はちゃんと行くぞ。"	290	"POSITIVE"	0.949
"暑い…アイス食べたい…"	291	"NEUTRAL"	0.753
"誰か！誰か！シャンプーしてくださぁい！！"	292	"NEUTRAL"	0.504
"どこもかしこも弱ってるんだろな。ネギが目に染みて涙…"	293	"NEGATIVE"	0.897
"店の買い出しアップ。週末の梅田をナメてました。めちゃくちゃ疲れた…Orz"	294	"NEUTRAL"	0.657
"週末ゆっくりできたのは何年ぶりだろ？ワンピースって日曜の朝やってるのね。夕方のテレビのおもんなさよ…"	295	"NEUTRAL"	0.807
"この休み中に贈り物を買うことが多かった。直接足を運んだりネットで選んだり、いろいろ見すぎて、買ってないつもりだった食器セットが今日届いた。のしつきで。どうしよう…(;´｀)"	296	"NEGATIVE"	0.924
"あーもうなんてゆーかこう…、、出家したい。Orz"	297	"NEGATIVE"	0.969
"店を改装していて、明日から営業なんだけど、まだ全然できてなくてやることがない。とりあえず長い夜に備えてくつろご。"	298	"NEUTRAL"	0.528
"さー明日からまた働きますよ！爽やかに起きてやる！おやすみなさい！"	299	"POSITIVE"	0.984
"改装後初仕事！いつもより早めに行ったらすでにお客さんが！そして最後のお客さんは、去年衝撃の再開を果たした、初来店の小、中学の友達でした。いやぁありがたやありがたや…"	300	"POSITIVE"	0.709
"ラストシンデレラ。あかんあかん、ものすごくあかん展開になってきたぞー！"	301	"NEUTRAL"	0.651
"｢ハンコック｣…めっちゃいいやん。"	302	"POSITIVE"	0.981
"今住んでる部屋、ベッドに寝転がって窓を見上げると、ちょうどいい位置に月がきれいに見える。古いし引っ越しを考えることもあるけど、中々手離せない理由のひとつなんだよなぁ。"	303	"POSITIVE"	0.963
"あ。今日IPPON GPやったんや！"	304	"POSITIVE"	0.969
"速水もこみちをすごく久しぶりに見たんだけど、何かタイ人ぽくなってる…"	305	"NEUTRAL"	0.828
"お昼が遅かったので夜は炭水化物を抜いて冷しゃぶサラダ。…二人前は食べたしおなかパンパンなのに口の中の水分を全部持ってかれる台湾おやつをどんどこ食べてしまう…苦しいのにどんどこ…"	306	"NEGATIVE"	0.987
"何か視界がおかしい。そうだ、さっき右目が痛くてコンタクト外したんだ。もう両方はずそう…５分後。あまりにとれないので鏡を見ると、外したはずの右目は黒々とし、まさぐり続けた左目はつぶらにこちらを見ていた。涙が止まらない。"	307	"NEGATIVE"	0.960
"ドラマにどっぷり感情移入。 自分が本当に好きな人が自分を好きで、そんな人と傘をさして寄り添って歩けたら、多分泣くだろな。"	308	"POSITIVE"	0.951
"からの、飯島直子のおちち！すごい！"	309	"POSITIVE"	0.980
"涙もろくなったなぁ…歳かなぁ。"	310	"NEGATIVE"	0.980
"よし！寝るっ！"	311	"POSITIVE"	0.625
"今日はほんまによく待ってもらった。 ほとんどの人が30分は待ったと思う。 お待たせしたのはダメなことだけど、満足のいく仕事ができたと思う。 ピリピリせずにやれたのが大きな進歩や…ハミングを挟みながら。 もっと楽にいこ～♪"	312	"POSITIVE"	0.987
"ラストシンデレラ。チャコちゃんの下着のチョイスは、一般的に、どーなんだろう。いつもラブリーな服着てるのに、わりとスポーティーだったから意外。"	313	"NEUTRAL"	0.891
"のどごし生のCM、だんだんエスカレートしてきてる！ ジャッキーとしょこたんとの共演！カンフーファン憧れの鉄板シーンの連続！めっちゃいいやん！めっちゃいいやん！うらやましすぎる！！"	314	"POSITIVE"	0.981
"世の男子の夢や希望は 取り返しがつかな位、ですかね…"	315	"NEGATIVE"	0.986
"おあとがよろしいようで。 気絶するように寝る！オヤスミナサイ"	316	"POSITIVE"	0.862
"刹那的に生きているので形ある財産を持たないことにしているのですが、今、ものすごくバイクがほしい。"	317	"NEGATIVE"	0.492
"物を捨てることで雑念を捨てるでお馴染みの断捨離を実践していますが、 本当はバイクのみならずテレビもPCも掃除機や洗濯機や新しい浴衣とか靴とか素敵なチャリとか、 もう物欲だらけなんだ！"	318	"NEGATIVE"	0.784
"自作のコラージュを壁紙にしたら、すごくちょうどよく設定できたのでにんまりしています。"	319	"POSITIVE"	0.977
"うわぁ！たまたまスッキリ見てたらMIYAVI！セットアップ素敵～?爽やか～?"	320	"POSITIVE"	0.990
"雅ちゃん、胸開けていいからおなかのボタン留めなさい。セットアップでへそ出しって…笑"	321	"POSITIVE"	0.549
"あかん！寝ても寝ても眠い！"	322	"NEGATIVE"	0.992
"日本橋ヨヲコ先生からリプライが！初めて、ご本人と作品以外で繋がれた！ 今、私はものすごく興奮している！"	323	"POSITIVE"	0.992
"アウトデラックス。黒田勇樹が…(゜ロ゜;"	324	"NEUTRAL"	0.638
"ミラクルひかるが年齢のわりにヘアメイクが古いのが気になってたけど、今日みたらきれいにブローしてたから少し安心した。髪の毛って大事。"	325	"POSITIVE"	0.974
"あぁっもうっ！山Pの歌う｢サマーヌード｣がイライラするっ！ カバーせんでいいやん!!(｀ロ´;)"	326	"NEGATIVE"	0.927
"ドラマ製作チームの皆さん、 ドラマにおける主題歌、挿入歌の選択は、そのドラマがヒットかする否かを決める上でかなりのウェイトを占めていると思うのです。 タイトルに採用したからって、山Pに歌わせるとは、どういった戦略なのですか… そこに真心はあるのかい!?"	327	"NEUTRAL"	0.840
"【お詫び】 先程、なんかダジャレみたいなんを言ってしまったことをお詫び致します。"	328	"NEGATIVE"	0.984
"【速報】 歩ける距離の店までバスに乗ったら、全くお金を持っていませんでした。 な、情けねぇ…(´д｀|||)"	329	"NEGATIVE"	0.992
"【速報】 しかも、その目的の店は月に一回の休みでした。 ど、どんくせぇ…(´д｀|||)"	330	"NEGATIVE"	0.990
"～でなければならない、に、追いかけられている。"	331	"NEGATIVE"	0.976
"ライブ行きたいライブ行きたいライブ行きたすぎて発狂しそう～((((｡Д゜)))"	332	"NEGATIVE"	0.986
"一昨日から寝不足でめっさ眠いけど明日はテレビの点検の人が来るから大掃除！でも寝不足の原因のゲームが気になってはかどらん！ 約束の時間に起きれないとまずいので諦めて寝て起きてからまた片づけよ… って、寝不足のもうひとつの原因の漫画読んでしまってこんな時間！ 目が痛い…"	333	"NEGATIVE"	0.988
"午前中の来客の予定さえなければ、最高の休日前夜なんだけどなぁ。"	334	"NEGATIVE"	0.687
"ライブいきたい衝動を抱えたまま、投票にいきました。 選挙戦をライブで感じる為にね！"	335	"POSITIVE"	0.973
"【お詫び】 急にいきがったことをお詫びいたします。 ちなみに先日友人たちの間で、 私は思春期だ、ということで合致したことを、お知らせいたします。 何だかなぁ…"	336	"NEGATIVE"	0.927
"日本橋先生のせいで(おかげで)漫画熱が再燃している。 コンプしたい、コンプしたい…"	337	"POSITIVE"	0.931
"【速報】\n最近前髪を短くしてごきげんだったのですが、ジャガー横田とお揃いだということが発覚しました。\nわぉ。"	338	"NEUTRAL"	0.871
"ヤバい。久々に来た。なぜ今までノーマークだったんだろ？ 紀里谷和明、ドンズバ…！！"	339	"POSITIVE"	0.966
"久々にはらわたが煮えているのですが、こーゆうとき、どーするんだっけ？ しょーもな過ぎるからガッと怒ってガッと忘れたい。"	340	"NEGATIVE"	0.976
"眠すぎるから早めに寝床に入ったのに、全く寝れない。目が痛い。"	341	"NEGATIVE"	0.996
"布袋さん、MISIAとも演ってたんや。 Back in love again、すてきやん？"	342	"POSITIVE"	0.804
"休み明けはエグい。 明日も朝からエグい。 おやすみなさい。"	343	"NEGATIVE"	0.959
"なんじゃこりゃ!? ミヨコ･シダ･リゴロ!!"	344	"NEGATIVE"	0.813
"スキマ立ち見って…"	345	"NEGATIVE"	0.682
"立ち見ってどうなん？ 座れないのやっぱしんどいやんなぁ…"	346	"NEGATIVE"	0.992
"コンビニで買った水を飲みながら歩く。 涼しいなぁ。もう秋の気配だね～"	347	"POSITIVE"	0.946
"お寿司食べ過ぎておなかいたい。しあわせものだな私は。"	348	"NEUTRAL"	0.682
"今日行った服屋さんで対応してくれた男の子、かなり乙女系で興味をそそられたので友達になってみたかったけど、 試着したスカートが気に入らず返品したため何も発展しなかった。ちぇっ、残念。"	349	"NEGATIVE"	0.989
"そういや昔乙女系男子に恋したことあったっけ… 今日の子は多分ゲイだけど。"	350	"NEUTRAL"	0.892
"そこそこ付き合いの長い同業の方とごはん。 いつものことやけど熱くなってしまいそんな飲んでないのに酔ってしまったなう。 お別れしたけど、色々考えてしまうナウ。"	351	"NEUTRAL"	0.820
"あー…髪切りて～。(梅屋敷風に)"	352	"NEUTRAL"	0.568
"誰か、月曜コヤソニいこ！"	353	"POSITIVE"	0.922
"誰か、月曜落語いこ！方正とか三度みにいこ！"	354	"POSITIVE"	0.970
"今月まぁまぁ行けるイベントあるやんって、今気づいた…"	355	"POSITIVE"	0.890
"友達から、6日に地震来るから備えとけ、との連絡。何情報か知らんけど、彼女の言うことにはいつもどことなく説得力があるので、水と缶詰買ってきた。こわいなぁ。"	356	"NEGATIVE"	0.976
"三四郎さんからリツイきた！公演チケットのことやし当たり前かもしれんけど、めっちゃ嬉しい～(>_<) あぁ～楽しみだなぁ～♪"	357	"POSITIVE"	0.994
"【再掲】誰か、月曜コヤソニいこ！ 9時から9時まで、フラフラなろ！"	358	"POSITIVE"	0.929
"あと五分のところで受付時間に間に合った！ と思ったら、眼科が30分前に終わりましたとな。。。 やっと買ったチャリぶっとばしたのに… 一週間も我慢したのに…"	359	"NEGATIVE"	0.980
"今日の最大のイベント、｢コンタクトを買う｣は、頓挫しました。"	360	"NEGATIVE"	0.973
"外に出たら暗くなってた。 涼しいな～…てかちょっと寒い！"	361	"NEGATIVE"	0.861
"うわっ！今日の小倉さん、帽子の位置間違えてる！(゜ロ゜; 誰か教えてあげてー！"	362	"NEGATIVE"	0.906
"舘ひろしの声のきれいさに焦る。"	363	"POSITIVE"	0.960
"NMBのテレビみてるんだけど… ヤバい、ダンエボやりたい…( ゜Д゜)！！"	364	"POSITIVE"	0.929
"今夜もまーたー眠れない～♪ …ほんまに寝よ。"	365	"NEGATIVE"	0.717
"久々に緊張した。 時間まで気を紛らそうと軽いお酒を飲んだら、動悸がとまらなくなった。 思った以上にノミの心臓。。"	366	"NEGATIVE"	0.986
"うぅ…ポメラニアン…"	367	"NEUTRAL"	0.823
"明日の19時に難波にこれる人、いないかなぁ…"	368	"NEUTRAL"	0.617
"今週はほんまにしんどかった。 休みの予定を励みに何とか持ち直すとか、通じませんでしたね。 とにかく眠い…"	369	"NEGATIVE"	0.995
"お腹すいたし夜ご飯食べななぁ…思ったら、うそやん、昼も食べてないやん…"	370	"NEGATIVE"	0.990
"【残念なお知らせ】 眠くて死にそうやからとりあえず何か食べて早く寝たいのに家には見事に何もない。"	371	"NEGATIVE"	0.994
"非常用の缶詰め食べるか…"	372	"NEGATIVE"	0.541
"ただいま休憩。初NGKに大キョドりでしたが、こなれてきた！ 雀々さん、さすがの迫力！"	373	"POSITIVE"	0.986
"なんだかこないだから心拍数の上がることが多い。 何かのスイッチが入ってしまったようだ。。"	374	"NEGATIVE"	0.975
"先ほどのスイッチツィートを投稿するやいなや、別件へのリプライ。 ほんまにマメな人やなぁ… 私の心拍数をあげる天才、桂三四郎というひと…"	375	"NEUTRAL"	0.663
"さぁ今日も夜更かししてしまったので、「蒸気でアイマスク」して寝る！ 今日は新発売のメントール！"	376	"POSITIVE"	0.875
"今日は三宮まで遠征。 神戸の女の子は、やっぱりなんとなしに大阪とは違う気がする。 帰りの電車の中、可愛いな～と思ってた女子がこぞって芦屋で降りた。 なるほど…と思うのは偏見だろうか。"	377	"NEUTRAL"	0.647
"あれっ？ 山口の達っつぁんが、痩せてるよ？ 髪がストレートだよ？格好いいぽいよ！"	378	"POSITIVE"	0.921
"己の本分を忘れない。 メモ…"	379	"NEUTRAL"	0.527
"のんだなー！もはや、色んな人がいとおしい。会う人会う人ハグしたい感じ！ 幸せにねむるるる～(´∇｀)"	380	"POSITIVE"	0.937
"久々に、朝からカンヅメでお勉強。 疲れた…。ほんとーに疲れた…。まさかのプレゼンタイムで人前で喋るという拷問に遭い、この涼しいのに汗だくになり、精も根も尽き果てました。 しばらく賢者タイムに入ります。"	381	"NEGATIVE"	0.925
"森三中黒沢の即興の歌、結構好きで見てしまうんだけど、 今テレビ見てたら黒沢が出てきて、例のごとく歌いはじめて、ノッてきたところで渡辺直美が踊りながらフレームインしてきた。 あかん、めっちゃおもろい。笑"	382	"POSITIVE"	0.961
"三四郎さんからまたもやリプ！ あぁ…幸せ…(´∇｀*)"	383	"POSITIVE"	0.986
"気づかぬうちに人を傷つけていることが多いように感じる。 ので、そうしないよう練習中です。"	384	"NEGATIVE"	0.971
"缶入りホットジンジャーエールだと～!?"	385	"NEUTRAL"	0.854
"からの、ジョージアの新しいCM。 こらー！可愛すぎるやろー！ずるいぞ！永作博美ー！"	386	"POSITIVE"	0.988
"わーい！ポンバシ先生からも返信が！"	387	"POSITIVE"	0.961
"続いてまさかのなゆゆからも返信が！嬉しい～(´∇｀)"	388	"POSITIVE"	0.993
"今日、またひとつ新しい価値観を手にいれました。"	389	"POSITIVE"	0.926
"あらゆることにフラットな見方をしようと思っているけど、 あからさまに嫌悪や拒絶を感じてしまうのは、自分の置かれた環境や信じてきたものを否定するような何かに出会った時なんだろうと今日わかった。"	390	"NEUTRAL"	0.724
"それを踏まえた上で、いつでも何にでも、フラットになりたい。"	391	"POSITIVE"	0.947
"よい酒だった。よく笑ったし、男前も盗み見した。まだまだのみたいとこだけど、よりによってどこも開いてないので仕方や気なく、帰宅。"	392	"POSITIVE"	0.640
"今朝がたのツィート。酔ってたんだろうなぁ。 ｢仕方なく帰宅。｣のまちがいだよね。 しかし、｢盗み見した｣ って…"	393	"NEGATIVE"	0.940
"イケメンを真っ正面からガン見できない、そうです私がこじらせおばさんです。"	394	"NEGATIVE"	0.973
"よく行くお店でオムライスをオーダーしたら、おっきなハートマークを描いてくれた。 嬉しかったけど、いやや～と言ってしまった。 かくして私はまたひとつ、人の好意を踏みにじったのである。なーむー"	395	"NEGATIVE"	0.862
"やっと我が家のネット環境が整いそうな兆しが見えてきた… それとは関係なく、新しいkindleが欲しくなってきた…"	396	"POSITIVE"	0.946
"高速バス面白い。高速の上でおろされる。"	397	"POSITIVE"	0.984
"ともちゃん、歌声は健在どころかパワーアップしてるし、 このアラフォーは可愛すぎるやろ。"	398	"POSITIVE"	0.991
"川崎麻世なう。 麻世やばい！めっちゃキレイ！"	399	"POSITIVE"	0.983
"スケートリンクって寒いよね？ こないだ初めて行って、身をもって知ったんだけどさ。 じゃあ、上はダウンベスト着て、下は生足でミニスカートはいてる三田アナの真意やいかに？"	400	"NEUTRAL"	0.836
"お風呂で802かけてポトフーを食べながらビートたけし読んでる今がほんとにしあわせ～(´∇｀)? ポトフじゃないよ、ポ、とフー、ですよ。"	401	"POSITIVE"	0.967
"今更テラスハウスをみています。 華、てっちゃん、せいなさん、大樹、あや、王子、あたり。 てっちゃん泣きすぎ…"	402	"NEGATIVE"	0.513
"帰ってきてテレビつけたら天誅。ってドラマ。 目がはなせなくて最後までみてしまった。 なんかはまる…"	403	"NEGATIVE"	0.839
"ジャンプの人気漫画オールスター総出演のげーむやりたい。 霊丸うちたい。 ラッキーマンとか懐かしすぎる。"	404	"POSITIVE"	0.908
"久々に何もない休日。 歯医者いったし、洗濯したし、コンタクト買いたいけどまだあるし。 縛られるものが何もない。 たのしい。"	405	"POSITIVE"	0.986
"疲れすぎて判断力が鈍り、今夜のごはんは牛丼とオムライスとしょうが焼きとハンバーグ。 美味しゅうございました。"	406	"POSITIVE"	0.954
"さあ寝よう。 と思ったら、ヴィジュアル系とはなんぞや？と解説する番組が始まり、面白くて寝られない。 続々と出てくる名前に興奮が止まらない。"	407	"POSITIVE"	0.972
"漫画を読み始めた。 ゲームにはまり出した。 シリーズドラマのDVDを見始めた。 そうして寝るのが遅くなり、 深夜のツィッターに返り咲いた。 ただいま、2次元。"	408	"POSITIVE"	0.901
"自分がフォローしてる人がたまたまそうなのか、たんまり寝たいツィートが目につく。 わたしも５日くらい好きに寝たり転がったりしたい"	409	"NEUTRAL"	0.577
"今まで寝不足やわぁって思った時の合計分きっちり寝たい"	410	"NEUTRAL"	0.655
"今日は満足できる仕事ができた。 うれしい。"	411	"POSITIVE"	0.995
"じぇいそーるぶらざーずはじめてちゃんとみた。 え、かっこいいやん！"	412	"POSITIVE"	0.987
"腰が痛い。 遅くまで起きてるといいことないね。"	413	"NEGATIVE"	0.987
"今日の晩餐は海鮮焼きそばとカルビ丼とサラダ。 昨日はトンカツと焼き肉弁当とサラダ。 来年の今頃には、別人になっているかもしれない。"	414	"NEGATIVE"	0.829
"しましまんず池上が離婚した芸人としてテレビに出てる。 そこそこ男前やと思ってたのに、めっちゃくたびれて別人みたい。 離婚って色々消耗するって聞くけど、その結果なんかな。 こわい。"	415	"NEGATIVE"	0.983
"アウトデラックスに、ついになゆゆが！"	416	"POSITIVE"	0.903
"【速報】コンビニののり巻きを、初めて上手に取り出せました！"	417	"POSITIVE"	0.971
"久しぶりにまつげをつけてもらった。 これで、マスカラをする、というステップを省ける。 夢の起きてすぐ出掛けられる顔面、まであと少し！"	418	"POSITIVE"	0.978
"前に、芸能人に急にすっぴん見せてもらう番組で叶姉妹(姉)が出てたんだけど、 快諾して洗顔した後の顔がほぼ同じ。 まつエク、アイラインと眉アート、カラコン装着… セコ技やん。"	419	"NEGATIVE"	0.918
"黒髪にしました。 あれ？わたし、壇蜜に似てるかもしれない。"	420	"NEUTRAL"	0.533
"(例に漏れず、長い髪を黒くした人が思うことを呟いてしまった…)"	421	"NEGATIVE"	0.849
"アラサーちゃん実写版はじまってるー！"	422	"POSITIVE"	0.949
"るろ剣映画見てアニメ思い出すなう。 るろ剣のテーマソングが名作揃いなのは、もはや常識ですよね！"	423	"POSITIVE"	0.890
"うなぎ食べそびれた。かなしい(・_・`)"	424	"NEGATIVE"	0.993
"関ジャニ丸山が好きすぎてヤバイ。 あと6分でマルが！"	425	"POSITIVE"	0.983
"実写版アラサーちゃんのオープニングが可愛すぎて発狂しそう。"	426	"POSITIVE"	0.957
"四年前NHK｢龍馬伝｣で福山雅治の幼少期を演じ、めちゃんこ可愛い！ 可愛すぎる！と話題になった濱田龍臣くん。 そのあとからマメピカのCMに出ているのだけれど、最新版では、もうすごく大人になっていて、どーしたらいいかわからない。"	427	"POSITIVE"	0.530
"地毛なのかパーマなのか、巻き毛のわんこみたいで、ほんとにめちゃんこ可愛かったんだよ！"	428	"POSITIVE"	0.990
"毎週楽しみにしていた「昼顔」だけど、どんどん修羅場に近づいてきていて、前回くらいからすごいヤダ。 もう見たくないよー"	429	"NEGATIVE"	0.988
"あーもうやだやだ！こわいよー！"	430	"NEGATIVE"	0.993
"見終わって20分経つのにまだ引きずってる。 やっぱり修羅場は見るのも遭うのもイヤですね(；´_ゝ`)"	431	"NEGATIVE"	0.966
"誠に地味で申し訳ないのですが、 新しい充電器のおかげで携帯の調子がすこぶる良い。 サクサク！うれしい。"	432	"POSITIVE"	0.995
"とったつもりのライブのチケットがとれてなかった。しかも完売。 ライブなんてなかなかいけないのに！もう、めっちゃいやや！"	433	"NEGATIVE"	0.971
"ヒロミの今の髪型いいなーっ"	434	"POSITIVE"	0.953
"訳あって朝まで飲んだその2時間後に電車に乗っている。 めっっ ちゃしんどい。あかん。"	435	"NEGATIVE"	0.995
"ハイ！ということでね！ この期に及んで初めて、 「買えないかもしれない当日券に並ぶ」というのをやっていますよ！ 折り畳みのイスを持って！"	436	"POSITIVE"	0.712
"コヤソニの興奮が冷めない。 しょっぱなからレキシ！もうあとのことはしらん勢いで燃え尽きました。 マジ最高！"	437	"POSITIVE"	0.985
"あと千鳥の大悟に握手してもらった！ テレビで見るよりめっちゃかっこよくて焦った！"	438	"POSITIVE"	0.994
"わ！僕らの音楽最終回なんや！ 見逃した！"	439	"NEGATIVE"	0.908
"ティキソゥソゥきたーーっ＼(^o^)／"	440	"POSITIVE"	0.913
"大野くんかっこイー！"	441	"POSITIVE"	0.992
"Mステ、嵐にポルノ、思春期を彩った名曲にドキドキが止まらない。"	442	"POSITIVE"	0.965
"昼顔最終回、読了。ならぬ観了。 予想通り、というか、まぁそうなるわなって結末だったけど、 教え子に真摯に向き合ってくれてよかった。納得。"	443	"POSITIVE"	0.977
"片付けが苦手なせいで、また損をしました…( ´△｀)"	444	"NEGATIVE"	0.995
"今朝見た、VAMPS HYDE氏による 目覚ましじゃんけんが忘れられない。 なんかもう、いいお父さんの雰囲気。"	445	"POSITIVE"	0.974
"かっけ～！ HOTEIかっけ～っ！！"	446	"POSITIVE"	0.933
"慣れないもの飲んだらすんげー眠いのに寝れない。 明日がこえええ"	447	"NEGATIVE"	0.955
"ぬーべーはじまったー！\n大好きなマルをみようと思ったら、もこみちが面白くて目がはなせない！"	448	"POSITIVE"	0.953
"家庭科教師役のもこみち。 「高いところからまんべんなくね。」って、 塩の振り方教えてるーー！"	449	"POSITIVE"	0.704
"今日は思いがけず久々の友達とお散歩ランチしたり、たまたまミナミの帝王千原ver.観れたり、別の友達ともお互いの予定の合間にお茶飲めたり、 掃除も洗濯もできたし、全てのタイミングがよくて、好きな友達にも会えて、大充実の幸せな一日だった。 あとはゲームして寝よ。 おやすみなさい"	450	"POSITIVE"	0.984
"ファーストクラス初めて見たけど、ただただ女の黒いとこ集めたドラマかと思いきや、構成がおもしろー！ ま、エグいことはエグいけど…"	451	"POSITIVE"	0.977
"あー！世にも奇妙な～ に見いってしまって、ぬーべー見れなかった！ ちっ！今週もこみちはなにしてくれたんだろー"	452	"NEGATIVE"	0.949
"不要品を整理しようと、まず、下駄箱の中身を全部だしたら靴が44足もあってゾッとしてる"	453	"NEGATIVE"	0.913
"飲みすぎた。寝る。 でも。いい夜だった。幸せに眠ります"	454	"POSITIVE"	0.982
"ずっと入りたかった飲み屋さんに今日はじめてはいった。 記念に写真でもとりたいくらいだったけど我慢した。 でも、撮ったらよかったな。 それくらい、よい夜でした"	455	"POSITIVE"	0.985
"お酒ってさぁ、ほんと。なんなんだろ。"	456	"NEUTRAL"	0.825
"すごく残念なことがあって、分かりやすく落胆してる。 残念だよぉぉぉー！とか、叫んだり。"	457	"NEGATIVE"	0.993
"世にお出ましになったときは、どんなイロモンだと正直思いましたが、 この度出された『日記』が秀逸すぎる。 アラサーちゃんを演じたり、どんどん好きになってきてる。 壇蜜という女(ひと)…"	458	"POSITIVE"	0.956
"晩御飯仲間が誰も捕まらず、一人ごはんもピンと来ず、 はじめての一人おうち焼き肉なう。 けむい…"	459	"NEGATIVE"	0.977
"ユニクロオオサカの広告。 トータス松本がかっこよすぎて身がよじれる。"	460	"POSITIVE"	0.986
"トータス松本は永遠に、不滅です！"	461	"POSITIVE"	0.973
"と、叫び出したくなったけど電車の中なのでやめました。 いつかライブいきたいなー…"	462	"POSITIVE"	0.585
"天気よくなったからお出かけしたいけど毛布とまくらに埋もれる暮らしから抜け出せない"	463	"NEGATIVE"	0.993
"みんな！今からフジテレビでかわいこちゃんの方言が聞けるぞー！ 方言女子(男子も)大好物です。"	464	"POSITIVE"	0.980
"いま、最もしゃべってみたいひと。 古市憲寿という男(ひと)…。"	465	"NEUTRAL"	0.834
"外飲みが好きな友達のために久々に訪れようと調べたら、大好きだったお店が閉店してた。 むかーし昔の彼とよくいった店。 そろそろ当時の私の魂も成仏しただろうからまた行きたかったのに。 さみしいな。"	466	"NEGATIVE"	0.951
"昨日はツイッターを見ながら眠りに落ちたのだけど、 今見たら覚えのないリツィートがある。 でも、納得の内容だったので良しとする。来月のスカパラいきたかったなぁ…"	467	"NEUTRAL"	0.534
"よみたい本がありすぎる。 ここへ来てマジで、kindle買うか悩んでる…"	468	"POSITIVE"	0.619
"めちゃくちゃ眠いのに眠れないっていう、謎な状況…"	469	"NEGATIVE"	0.959
"『仕事』『社会不満足』『聞く力』 よみたい本。メモ…"	470	"NEUTRAL"	0.850
"あと、『壇蜜日和』と『だから日本はズレている』と、あと、あと…(パニック)"	471	"NEUTRAL"	0.801
"かなり年上の友人との晩餐。 顔を合わせたタイミングでごくたまに開催される年に数回のデート。 父親よりも年上の彼との近況報告メインで進む、穏やかな時間が嬉しい。 自分の親とはなかなかできないけど、今日は、大阪の父に親孝行。"	472	"POSITIVE"	0.982
"表でカラスがすごい鳴いてて怖い…"	473	"NEGATIVE"	0.996
"今度はパトカー走りまくってる。 誰かなんかしてんの？怖いってば…"	474	"NEGATIVE"	0.949
"やらなければいけないことがたくさんあるのだけど、 映画にいこうか、カフェでうとうとしようか悩んでる。 休みは何にも縛られたくない。"	475	"NEUTRAL"	0.802
"明日、当たる気満々でガッチリ外れたライブ。 いきたすぎたので、潜入にチャレンジしようかと思っている。 仕事終わるかなぁ…"	476	"NEGATIVE"	0.738
"一仕事終えて今からまた寝る。 朝苦手やけど、悪くないなぁ。"	477	"POSITIVE"	0.812
"変な持ち方をしたり、そもそも量が多すぎたり、 抱えきれないほど持ってはいるけれど、何を持っているか、どれが大切か、なんて把握してなくて、 何か足りない気がして、でもそれが何かわからない。そんな状態。 一度すべて手放したい。 手ぶらで歩いて、一番先に手に取るのは何か、それが知りたい"	478	"NEGATIVE"	0.533
"人見知り治したい…(T_T)"	479	"NEGATIVE"	0.616
"久々に見てたMステ。 林檎ちゃん、すごい服着てる！！"	480	"POSITIVE"	0.984
"からのKinKi ！きゃあきゃあ！"	481	"POSITIVE"	0.986
"ラルク節きたー！hydeきれいなー。でもやっぱりkenヤバイかっこいい！それぞれ個性保って歳とってるね～"	482	"POSITIVE"	0.989
"pata、なんかメイクが変！ おじいちゃんになってる！"	483	"NEGATIVE"	0.752
"YOSHIKI思ったよりもガチムチ！ ムチ、が意外！"	484	"POSITIVE"	0.837
"可愛いよー！可愛すぎるよ林檎ちゃーん！ きゃあきゃあ！"	485	"POSITIVE"	0.992
"おーラスティネイル！"	486	"POSITIVE"	0.506
"謎に首が腫れてる。痛い。 年越しまでもってくれ、、体！！"	487	"NEGATIVE"	0.988
"今朝、弱ってるやつがいるからと父が金魚の水槽に薬をいれていた。 夕方、外出から戻ると、他のにつつかれないよう隔離されていた。 もう、横になってしまっていて、たまに動かしていた胸びれの動きも少なくなった。 がんばれ、と思うけど、 そろそろあかん。"	488	"NEGATIVE"	0.919
"明日の朝帰るんだけど、起きたらあいつは動かなくなってるのかな。 やだなぁ"	489	"NEGATIVE"	0.968
"蟹江敬三かっこえー！"	490	"POSITIVE"	0.989
"結局、私は誰かに依存して生きている"	491	"NEGATIVE"	0.958
"遮二無二働いているわけではないので体は空いているのだけど、 頭のなかがすし詰め状態。 久々に少し時間ができたので、ぎゅうぎゅうの米粒を少しずつ崩していくことにする。"	492	"NEUTRAL"	0.760
"つきがきれい。"	493	"POSITIVE"	0.953
"鼻かみすぎて治してはまたできているできものにオロナイン塗り塗り。 早々となにかに頼ってしまった方が何事もうまくいくとわかり始めたマイレボリューション。"	494	"NEUTRAL"	0.658
"インフルエンザ。 両ハナから鼻水ダラダラ体験。"	495	"NEGATIVE"	0.982
"ひとつは自分の家族出演。 多分実家で暮らし始めたら、父が料理を作っている。てかうどん。 カレーの味をみてほしいとわざわざ電話がくる。 最後に父のカレーを母が食べて冷めたリアクションをしたのが切なかった"	496	"NEGATIVE"	0.949
"もうひとつは忘れてしまった。 久々に眠れたら11時間も寝た。 からだがいたい"	497	"NEGATIVE"	0.630
"インフルエンザこわい。 四日間きっちりのたうち回った。 今朝になってやっと、人間の体温になった。 あと１日は出歩くなと言われてるけど、明日から仕事なんだがどうしよう"	498	"NEGATIVE"	0.974
"たまたま聞いてたラジオに何となく投稿してぼーっとしてたら、すんなり採用されて読まれたので本当に飛び上がるほど驚いてしまった"	499	"POSITIVE"	0.967
"お裁縫…"	500	"NEUTRAL"	0.921
